country_name,continent_name,no_formal_ed,some_formal_ed,median_salary,average_salary,lowest_salary,highest_salary,med_sal_over_some_formal
Burkina Faso,Africa,64,36,485.02,534.97,135.03,2384.83,13.47278
Algeria,Africa,13,87,1148.84,1308.81,330.11,5824.18,13.20506
Tanzania,Africa,12,88,457.77,505.54,126.98,2245.08,5.20193
Equatorial Guinea,Africa,6,94,671.94,773.46,194.98,3432.22,7.1483
Tunisia,Africa,16,84,1088.33,1239.75,312.3,5520.5,12.95631
Ethiopia,Africa,38,62,143.88,160.41,40.42,713.13,2.32065
Uganda,Africa,15,85,645.21,698.31,176.04,3106.55,7.59071
Zambia,Africa,5,95,0.26133504,0.28552394,0.072092424,1.2711033,0.00275
Mauritius,Africa,4,96,901.53,1047.66,263.04,4653.78,9.39094
Morocco,Africa,34,66,1634.24,1896.89,477.63,8433.85,24.76121
Gabon,Africa,5,95,800.85,894.31,225.59,3980.08,8.43
Gambia,Africa,31,69,223.7,246.84,62.02,1095.34,3.24203
Kenya,Africa,6,94,863.29,991.43,250.22,4424.36,9.18394
Ghana,Africa,29,71,373.82,438.42,110.25,1946.6,5.26507
Benin,Africa,41,59,488.25,549.48,138.58,2449.28,8.27542
Guinea,Africa,58,42,696.71,817.87,206.22,3634.99,16.58833
Mali,Africa,70,30,478.58,533.36,134.55,2368.71,15.95267
Guinea-Bissau,Africa,41,59,475.35,551.09,139.06,2449.28,8.05678
Lesotho,Africa,6,94,540.54,625.33,157.39,2776.89,5.75043
Mozambique,Africa,54,46,549.81,631.27,159.77,2803.88,11.95239
Namibia,Africa,7,93,821.41,927.4,233.7,4128.25,8.83237
Burundi,Africa,34,66,384.78,420.08,105.55,1863.89,5.83
Niger,Africa,67,33,480.19,547.87,137.93,2433.17,14.55121
Cameroon,Africa,12,88,633.27,744.45,186.92,3303.31,7.19625
Nigeria,Africa,23,77,389.85,438.91,110.63,1949.27,5.06299
Cape Verde,Africa,9,91,1706.29,1965.11,495.59,8742.33,18.75044
Central African Republic,Africa,21,79,621.99,699.33,175.64,3109.94,7.87329
Chad,Africa,56,44,707.39,787.96,198.2,3512.79,16.07705
Malawi,Africa,18,82,132.38,151.69,38.24,674.79,1.61439
Zimbabwe,Africa,3,97,555.40204,602.37635,151.42305,2674.772,5.72579
Madagascar,Africa,19,81,250.87,290.48,73.28,1291.74,3.09716
Comoros,Africa,19,81,567.21,651,163.93,2900.48,7.00259
Congo,Africa,4,96,1058.67,1205.3,302.94,5365.86,11.02781
Democratic Republic of Congo,Africa,10,90,170.39,191.74,48.34,853.95,1.89322
Rwanda,Africa,20,80,525.39,569.65,143.44,2532.68,6.56738
Cote d'Ivoire,Africa,35,65,497.91,544.64,137.45,2417.05,7.66015
Sao Tome and Principe,Africa,7,93,254.88163,298.78264,75.441552,1329.8172,2.74066
Senegal,Africa,47,53,493.08,565.59,142.77,2513.74,9.3034
Sierra Leone,Africa,49,51,249.1,277.75,69.92,1238.23,4.88431
Liberia,Africa,65,35,334.39,380.35,96.14,1690.44,9.554
Somalia,Africa,43,57,392.16,455.19,114.85,2030.85,6.88
South Africa,Africa,4,96,1441.44,1658.72,417.59,7366.19,15.015
Sudan,Africa,50,50,67.61,74.53,18.8,331.92,1.3522
Eswatini,Africa,6,94,204.56,239.53,60.41,1065.18,2.17617
Egypt,Africa,23,77,254.53,298.51,75.36,1329.24,3.30558
Mongolia,Asia,1,99,515.76,564.74,142.34,2509.62,5.2097
Armenia,Asia,0,100,1700.25,1974.32,497.39,8780.39,17.0025
Macao,Asia,2,98,856.26,928.13,234.2,4126.39,8.73735
Saudi Arabia,Asia,8,92,3840,4480,1128,19893.33,41.73913
Iraq,Asia,10,90,1382.38,1573.31,395.62,6988.25,15.35978
Azerbaijan,Asia,1,99,1558.82,1741.18,441.18,7764.71,15.74566
Bahrain,Asia,5,95,3617.02,3936.17,984.04,17553.19,38.07389
Bangladesh,Asia,25,75,218.57,236.71,59.68,1052.06,2.91427
Hong Kong,Asia,3,97,4252.87,4687.1,1182.63,20817.37,43.84402
Lebanon,Asia,5,95,753.33,873.33,219.33,3873.33,7.92979
Bhutan,Asia,39,61,407.26,449.3,113.17,1994.23,6.67639
South Korea,Asia,2,98,2593.42,2889.81,728.38,12893,26.46347
Maldives,Asia,10,90,1099.61,1241.91,313.07,5517.46,12.21789
India,Asia,27,73,327.97,384.43,97.07,1717.92,4.49274
Myanmar,Asia,6,94,228.46,260.35,65.68,1156.59,2.43043
Cambodia,Asia,17,83,745.19,808.3,203.41,3592.44,8.97819
Malaysia,Asia,5,95,1236.17,1406.38,355.32,6255.32,13.01232
China,Asia,5,95,3684.93,4027.4,1015.07,17945.21,38.78874
Qatar,Asia,3,97,3846.15,4313.19,1090.66,19230.77,39.65103
Indonesia,Asia,5,95,678.91,788.83,198.5,3504.47,7.14642
Japan,Asia,0,100,3158.67,3453.12,869.97,15391.82,31.5867
Iran,Asia,12,88,932.63,1070.97,269.53,4770.47,10.59807
Kyrgyzstan,Asia,0,100,201.87,219.92,55.6,980.04,2.0187
Laos,Asia,17,83,206.42,223.54,56.25,992.99,2.48699
East Timor,Asia,21,79,2030,2220,560,9860,25.6962
Jordan,Asia,6,94,1946.4,2284.91,578.28,10141.04,20.70638
Singapore,Asia,3,97,5647.06,6235.29,1573.53,27720.59,58.21711
Nepal,Asia,33,67,551.13,608.2,153.18,2703.11,8.22582
Philippines,Asia,1,99,728.78,790.54,199.4,3511.56,7.36141
Georgia,Asia,0,100,2309.7,2526.12,638.06,11231.34,23.097
Kazakhstan,Asia,0,100,701,813.99,204.86,3620.08,7.01
Syria,Asia,12,88,10.12,11.51,2.9,51.2,0.115
Tajikistan,Asia,2,98,959.78,1069.47,269.65,4753.2,9.79367
Pakistan,Asia,43,57,245.34,284.9,71.83,1266.61,4.30421
Thailand,Asia,3,97,2432.28,2662.11,670.31,11846.79,25.07505
Palestine,Asia,5,95,1510,1710,430,7620,15.89474
Turkey,Asia,5,95,254.1,286.13,72.08,1274.12,2.67474
Turkmenistan,Asia,0,100,1342.86,1500,377.14,6657.14,13.4286
United Arab Emirates,Asia,6,94,3324.25,3896.46,708.45,18637.6,35.36436
Vietnam,Asia,5,95,612.57,711.24,179.25,3161.52,6.44811
Haiti,Caribbean,16,84,444.95,506.2,127.66,2250.59,5.29702
Aruba,Caribbean,5,95,1106.15,1268.16,318.44,5642.46,11.64368
Cuba,Caribbean,1,99,783.33,916.67,231.25,4079.17,7.91242
Trinidad and Tobago,Caribbean,1,99,1258.11,1445.43,364.31,6430.68,12.70818
Dominican Republic,Caribbean,1,99,318.89,350.6,88.62,1562.72,3.22111
Jamaica,Caribbean,1,99,565.78,624.56,157.59,2777.24,5.71495
Puerto Rico,Caribbean,2,98,1483,1683,425,7491,15.13265
Saint Lucia,Caribbean,1,99,922.22,1048.15,262.96,4666.67,9.31535
Saint Vincent and the Grenadines,Caribbean,1,99,1144.44,1262.96,318.52,5629.63,11.56
Mexico,Central America,5,95,1681.97,1917.34,482.78,8495.98,17.70495
Belize,Central America,5,95,1730,1965,495,8750,18.21053
Honduras,Central America,11,89,1022.22,1139.39,287.27,5090.91,11.48562
El Salvador,Central America,12,88,1470,1710,430,7610,16.70455
Panama,Central America,4,96,1890,2130,540,9460,19.6875
Costa Rica,Central America,2,98,4016.06,4427.01,1115.16,19613.34,40.9802
Guatemala,Central America,19,81,1222.65,1335.88,337.15,5954.2,15.09444
Nicaragua,Central America,15,85,449.1,517.15,130.38,2299.95,5.28353
France,Europe,1,99,3769.56,4377.38,1100.42,19467.23,38.07636
Poland,Europe,0,100,1496.57,1736.84,437.07,7734.55,14.9657
Portugal,Europe,3,97,2537,2917.55,739.96,13002.11,26.15464
Germany,Europe,1,99,3731.5,4048.63,1014.8,17970.4,37.69192
Greece,Europe,1,99,2241.01,2579.28,655.39,11522.2,22.63646
Romania,Europe,1,99,1739.87,1921.11,484.01,8550.11,17.57444
Hungary,Europe,0,100,1227.46,1344.23,339.45,5974.36,12.2746
Iceland,Europe,0,100,4661.2,5049.03,1273.23,22464.51,46.612
Ireland,Europe,0,100,3021.14,3399.58,856.24,15151.16,30.2114
Italy,Europe,1,99,3467.23,3868.92,972.52,17230.44,35.02253
Latvia,Europe,0,100,1654.0727,1952.1038,491.75135,8657.804,16.54073
Albania,Europe,1,99,832.84,956.92,241.22,4258.49,8.41253
Lithuania,Europe,0,100,903.87466,997.90189,251.75032,4428.3792,9.03875
Serbia,Europe,1,99,1120.04,1273.6,320.66,5654.41,11.31354
Luxembourg,Europe,4,96,4767.44,5211.42,1310.78,23150.11,49.66083
North Macedonia,Europe,2,98,677,794.14,199.83,3531.44,6.90816
Slovakia,Europe,0,100,2114.16,2315.01,581.4,10295.98,21.1416
Slovenia,Europe,0,100,1934.46,2093.02,528.54,9302.33,19.3446
Malta,Europe,0,100,4439.75,4904.86,1236.79,21775.9,44.3975
Moldova,Europe,0,100,1318.68,1467.03,370.33,6538.46,13.1868
Spain,Europe,1,99,2579.28,2875.26,877.38,12050.74,26.05333
Montenegro,Europe,1,99,2621.56,2832.98,718.82,12579.28,26.4804
Austria,Europe,0,100,3572.94,4016.91,1014.8,17864.69,35.7294
Sweden,Europe,0,100,3568.16,4144.56,1043,18389.75,35.6816
Russia,Europe,0,100,975.51,1065.68,268.47,4744.34,9.7551
Belarus,Europe,0,100,849.5,983.28,247.49,4381.27,8.495
Belgium,Europe,2,98,5729.39,6522.2,1997.89,27378.44,58.46316
Bosnia and Herzegovina,Europe,4,96,1151.35,1248.65,313.51,5567.57,11.99323
Bulgaria,Europe,1,99,1605.41,1794.59,454.05,7945.95,16.21626
Netherlands,Europe,3,97,4756.87,5179.7,1427.06,22515.86,49.0399
Croatia,Europe,1,99,1935.48,2089.76,527.35,9298.74,19.5503
Cyprus,Europe,0,100,1976.74,2293.87,581.4,10211.42,19.7674
Czechia,Europe,0,100,2310.03,2653.06,668.69,11810.68,23.1003
Norway,Europe,0,100,4420.02,4786.34,1208.23,21281.57,44.2002
Ukraine,Europe,0,100,530.73,622.8,157.32,2761.98,5.3073
Denmark,Europe,0,100,5084.99,5779.04,1458.92,25637.39,50.8499
United Kingdom,Europe,1,99,6300,7235.37,1829.27,32214.63,63.63636
Estonia,Europe,0,100,2579.28,2906.98,729.39,12896.41,25.7928
Finland,Europe,0,100,4238.9,4978.86,1257.93,22093.02,42.389
Switzerland,Europe,0,100,9836.07,11292.9,2850.27,50363.93,98.3607
Bahamas,North America,1,99,3541,3908,983,17416,35.76768
Canada,Northern America,1,99,6311.03,7352.94,1850,32720.59,63.74778
United States,Northern America,0,100,6966,7925,2000,35250,69.66
Samoa,Oceania,0,100,808.66,884.48,223.83,3935.02,8.0866
Tonga,Oceania,1,99,668.09,778.72,195.74,3459.57,6.74838
French Polynesia,Oceania,2,98,1133.75,1293.18,325.95,5757.31,11.56888
New Caledonia,Oceania,3,97,664.3,779.45,196.63,3463.24,6.84845
New Zealand,Oceania,0,100,4196.41,4870.06,1227.54,21656.29,41.9641
Vanuatu,Oceania,11,89,750.74,821.77,207.3,3650.48,8.43528
Australia,Oceania,0,100,4306.45,4903.23,1236.13,21774.19,43.0645
Ecuador,South America,5,95,1260,1370,340,6080,13.26316
Argentina,South America,2,98,110.28,129.42,32.57,577.13,1.12531
Guyana,South America,2,98,731.32,841.26,211.75,3737.87,7.46245
Colombia,South America,5,95,995.6,1157.85,292.53,5137.79,10.48
Chile,South America,2,98,1890.4,2090.56,525.98,9274.09,19.2898
Paraguay,South America,3,97,1019.69,1126.17,283.93,5009.74,10.51227
Peru,South America,4,96,1825.86,1997.36,503.96,8891.82,19.01938
Brazil,South America,6,94,1490.04,1711.16,432.27,7609.56,15.85149
Bolivia,South America,5,95,1131.5,1236.99,312.14,5505.78,11.91053
Uruguay,South America,1,99,773.64,862.2,217.24,3829.12,7.81455
Venezuela,South America,3,97,3282.02,3862.91,972.99,17165.26,33.83526
Suriname,South America,0,100,122.18,133.57,33.65,592.8,1.2218
